rank,eligible_events,rank_selected,rank_efficiency,rank_eff_lo,rank_eff_hi,at_least_k_true_selected,cumulative_efficiency,cumulative_eff_lo,cumulative_eff_hi,at_least_k_selected_raw,raw_cumulative_probability,raw_cumulative_lo,raw_cumulative_hi,dataset,U_MeV
1,100049,66846,0.6681326150186409,0.6666422408239286,0.6696196282415386,68159,0.6812561844696099,0.6797811518357257,0.6827275937914608,69043,0.6900918549910544,0.6886279065672373,0.6915520034777404,zeroSpot,0
2,9133,4235,0.46370305485601665,0.45848917060645616,0.4689248867616193,3107,0.3401948976240009,0.33525510773021094,0.34516967878172267,3231,0.3537720354757473,0.34878509257957646,0.35879099675696846,zeroSpot,0
3,682,280,0.41055718475073316,0.39186431776905295,0.429511963343685,102,0.1495601173020528,0.13641712452878224,0.16372928835555162,112,0.16422287390029325,0.15053003775459656,0.17889895199650152,zeroSpot,0
4,35,9,0.2571428571428571,0.19073404357227258,0.3370437342055052,2,0.05714285714285714,0.028849768813342815,0.11003912007554609,2,0.05714285714285714,0.028849768813342815,0.11003912007554609,zeroSpot,0
5,0,0,,,,0,,,,0,,,,zeroSpot,0
6,0,0,,,,0,,,,0,,,,zeroSpot,0
1,100899,67190,0.665913438190666,0.6644269079795947,0.6673966797310099,68549,0.6793823526496794,0.6779112914090978,0.680849858244024,69369,0.6875092914696875,0.6860482405328329,0.6889666256713297,defaultSpot,18
2,9152,4368,0.4772727272727273,0.47205438446301634,0.48249603616410036,3176,0.34702797202797203,0.3420690299312046,0.35202033967438917,3306,0.3612325174825175,0.3562267379434799,0.3662686187701658,defaultSpot,18
3,648,251,0.3873456790123457,0.36839640890317266,0.40664211189806004,97,0.14969135802469136,0.13621633291191196,0.16424591670288005,103,0.15895061728395063,0.14511426578099546,0.1738379684254761,defaultSpot,18
4,28,15,0.5357142857142857,0.4418640607046149,0.6271014565367643,2,0.07142857142857142,0.036151720608616794,0.13626207249483144,2,0.07142857142857142,0.036151720608616794,0.13626207249483144,defaultSpot,18
5,0,0,,,,0,,,,0,,,,defaultSpot,18
6,0,0,,,,0,,,,0,,,,defaultSpot,18
1,101229,67368,0.6655009927985064,0.6640164389447242,0.6669822768509887,68658,0.6782443766114453,0.6767743595433935,0.6797108721073029,69508,0.6866411798990408,0.6851814231487795,0.6880972491815575,bigSpot,90
2,9233,4407,0.4773096501678761,0.47211421291250427,0.4825100019456287,3262,0.35329795299469297,0.34833956324283877,0.35828811706905217,3371,0.36510343333694356,0.36010771170074835,0.37012837233650525,bigSpot,90
3,639,233,0.3646322378716745,0.3458164587081212,0.3838710412918787,94,0.14710485133020346,0.13364400089648815,0.1616684991035119,103,0.16118935837245696,0.14717427549951675,0.17626322450048323,bigSpot,90
4,24,8,0.3333333333333333,0.24548368747494775,0.4345163125250521,2,0.08333333333333333,0.0422649730810374,0.15773502691896255,2,0.08333333333333333,0.0422649730810374,0.15773502691896255,bigSpot,90
5,1,0,0.0,0.0,0.5,0,0.0,0.0,0.5,0,0.0,0.0,0.5,bigSpot,90
6,0,0,,,,0,,,,0,,,,bigSpot,90
