n_true,events,mean_selected_true,mean_selected_raw,mean_fraction_selected,p_any,p_any_lo,p_any_hi,p_all,p_all_lo,p_all_hi,dataset,U_MeV
1,90916,0.665658409960843,0.6898125742443574,0.665658409960843,0.665658409960843,0.6640920046881134,0.6672211710655962,0.665658409960843,0.6640920046881134,0.6672211710655962,zeroSpot,0
2,8451,1.1501597444089458,1.1769021417583718,0.5750798722044729,0.8309075849011951,0.8267910768379976,0.8349457901757269,0.31925215950775054,0.3142026548855948,0.3243444345606901,zeroSpot,0
3,647,1.6414219474497682,1.6723338485316848,0.5471406491499228,0.9057187017001546,0.8935960580056967,0.9165891271794884,0.14219474497681608,0.12901598020570715,0.15647784695478673,zeroSpot,0
4,35,1.9714285714285715,1.9714285714285715,0.4928571428571429,0.9142857142857143,0.8547225662917171,0.9508329892638385,0.05714285714285714,0.028849768813342815,0.11003912007554609,zeroSpot,0
1,91747,0.6635094335509608,0.6869107436755425,0.6635094335509608,0.6635094335509608,0.6619476967249236,0.6650676060609684,0.6635094335509608,0.6619476967249236,0.6650676060609684,defaultSpot,18
2,8504,1.1609830667920977,1.1863828786453434,0.5804915333960489,0.8340780809031044,0.8300047749583056,0.8380728264526293,0.3269049858889934,0.3218388822175331,0.33201179385536517,defaultSpot,18
3,620,1.653225806451613,1.6870967741935483,0.5510752688172043,0.9016129032258065,0.8889968987483808,0.9129354684013776,0.14677419354838708,0.13313086606624425,0.16155512427191993,defaultSpot,18
4,28,1.8214285714285714,1.8214285714285714,0.45535714285714285,0.7857142857142857,0.6990321479779201,0.8526919899531143,0.07142857142857142,0.036151720608616794,0.13626207249483144,defaultSpot,18
1,91996,0.663115787642941,0.6859537371190052,0.663115787642941,0.663115787642941,0.6615557239483996,0.6646723052264649,0.663115787642941,0.6615557239483996,0.6646723052264649,bigSpot,90
2,8594,1.1601117058412846,1.1866418431463812,0.5800558529206423,0.8231324179660228,0.818979023632816,0.8272106215097086,0.3369792878752618,0.3318997220121453,0.3420967875864585,bigSpot,90
3,615,1.6146341463414635,1.640650406504065,0.5382113821138211,0.9056910569105691,0.8932386524185613,0.9168262826463737,0.14146341463414633,0.12799197369708734,0.15609893539382172,bigSpot,90
4,23,2.0869565217391304,2.0869565217391304,0.5217391304347826,0.9565217391304348,0.8917325902294936,0.9832674097705064,0.08695652173913043,0.04413069717461764,0.1642026361587157,bigSpot,90
5,1,1.0,1.0,0.2,1.0,0.5,1.0,0.0,0.0,0.5,bigSpot,90
